BETROFFENE_ANLAGE;massnahmen;arbeit_mwh;pmax_mw;primaerenergie;kumuliert
UW Büttel;298;856173,53;1853,0;Erneuerbar;0,051835389854205084
Emsland Block D;317;786669,0;840,0;Konventionell;0,09946276079291848
Rheinhafen-Dampfkraftwerk Karlsruhe Block 8;293;752129,24;815,0;Konventionell;0,14499898798292163
OWP UW Büttel;304;745859,94;1947,0;Erneuerbar;0,19015565238778126
OWP UW Dörpen-West;280;575735,0;1705,0;Erneuerbar;0,2250124274830248
Wilhelmshaven (ENGIE);195;468689,3;710,0;Konventionell;0,2533883252826151
Schwarze Pumpe (Standort);419;404564,0;920,0;Konventionell;0,27788187936501785
UW Dörpen-West;204;379722,07;1719,0;Erneuerbar;0,3008714262792932
Knapsack 1;140;347753,0;862,0;Konventionell;0,3219254669572027
Boxberg (Standort);460;335893,0;820,0;Konventionell;0,34226146660472573
HAMMUENTROP_10;213;329956,0;445,0;Konventionell;0,3622380219354355
Emsland Block B;197;287541,0;480,0;Konventionell;0,3796466421646406
illwerke vkw AG;519;279523,18;1086,0;Sonstiges;0,3965698388074837
HAMMUENTROP_20;157;276219,0;450,0;Konventionell;0,41329299018795057
Irsching 4;214;259789,07;576,0;Konventionell;0,4290214228613029
Grosskraftwerk Mannheim Block 9;212;256532,75;800,0;Konventionell;0,44455270786449763
Emsland Block C;188;247422,0;463,0;Konventionell;0,45953239992354455
Heizkraftwerk Heilbronn Block 7;130;244873,75;740,0;Konventionell;0,4743578130571544
Irsching 5;159;231026,96;816,0;Konventionell;0,4883448987574468
Jänschwalde (Standort);358;226254,0;740,0;Konventionell;0,5020430147177397
STUMMHAFEN_10;122;217472,0;724,0;Konventionell;0,5152094412742506
HERDECKE_H6;131;215038,0;418,0;Konventionell;0,5282285059531932
AVA Cluster Voslapp;59;214171,82;950,0;Erneuerbar;0,5411951294196821
Lippendorf VE;299;188938,0;498,0;Konventionell;0,5526340194870657
KNAPSACK_20;130;174688,0;430,0;Konventionell;0,5632101705423913
OWP UW Diele;177;173076,32;1077,73;Erneuerbar;0,5736887455127377
KMW_KW3;97;160978,0;425,0;Konventionell;0,5834348508238307
NIEDERAUSSEM_G;136;154490,0;605,0;Konventionell;0,5927881525763109
NEURATH_G;94;153144,0;1006,0;Konventionell;0,602059963331582
LAUSWARD_GUDF;167;152944,0;587,0;Konventionell;0,61131966546914
NIEHL-II;132;147208,0;385,0;Konventionell;0,6202320924506863
NIEDERAUSSEM_K;173;141613,0;769,0;Konventionell;0,6288057808517089
Grosskraftwerk Mannheim Block 8;89;132807,25;400,0;Konventionell;0,6368463419505961
Vorarlberger Ilwerke;183;132731,91;1014,0;Sonstiges;0,6448823417331907
Netzreservekraftwerk Weiher C;60;132394,0;500,0;Konventionell;0,6528978834007281
SHN Cluster Heide West T411 T412;111;128004,45;700,0;Erneuerbar;0,6606476681538529
WEISWEILER_H;113;126896,0;633,0;Konventionell;0,6683303439204574
NEURATH_F;87;126254,0;879,0;Konventionell;0,6759741510242029
WEISWEILER_G;178;125911,0;622,0;Konventionell;0,6835971918485704
OWP UW Emden-Ost;88;124679,52;1086,76;Erneuerbar;0,6911456750702312
50H Berlin Marzahn;225;119508,0;196,0;Konventionell;0,698381058498514
ReserveKW Staudinger 5;63;114392,0;510,0;Konventionell;0,7053067034856957
50H Berlin Mitte;167;112833,0;309,0;Konventionell;0,7121379617978039
WALSUM_10;89;111795,0;690,0;Konventionell;0,7189063763839811
BAG NWAK-Cluster 17 Altheim;98;111676,25;450,0;Erneuerbar;0,7256676014783913
Heizkraftwerk Altbach/Deizisau Block 2;224;108894,5;286,0;Konventionell;0,7322604108361843
50H PV Witznitz;230;107375,0;376,0;Erneuerbar;0,7387612249709021
Netzreservekraftwerk BERGKAMEN_A;47;106781,0;711,0;Konventionell;0,7452260765110121
Reservekraftwerk Rheinhafen-Dampfkraftwerk Karlsruhe Block 7;57;106204,75;495,0;Konventionell;0,7516560400963362
Netzreservekraftwerk Bexbach A;42;104698,0;680,0;Konventionell;0,7579947803829643
BAG NWAK-Cluster 15 Pleinting;85;102508,75;550,0;Erneuerbar;0,7642009767129504
UW Emden-Ost;71;98035,28;1114,0;Erneuerbar;0,7701363353525315
50H_EDIS_CR_PAS;59;93136,0;600,0;Erneuerbar;0,7757750764491655
NIEDERAUSSEM_H;49;91847,0;611,0;Konventionell;0,7813357775046387
Schkopau;195;91026,0;463,0;Konventionell;0,7868467726843995
50H OWP Baltic Eagle;189;81350,0;463,0;Erneuerbar;0,7917719529392009
NIEHL-31-GUD;214;80727,0;406,0;Konventionell;0,7966594148498259
50H OWP Wikinger;191;80109,0;348,0;Erneuerbar;0,8015094611317176
Datteln_4;96;79757,0;610,0;Konventionell;0,8063381962464341
SHN Cluster Süderdonn T411;91;79632,92;366,84;Erneuerbar;0,8111594191747216
50H UW Bertikow;264;79455,0;436,0;Erneuerbar;0,8159698702766913
Netzreservekraftwerk KMW 2 DT;46;78203,0;250,0;Konventionell;0,8207045214317771
UW Diele;85;76737,4;1125,0;Erneuerbar;0,8253504406362614
50H OWP Arkona;183;76621,0;371,0;Erneuerbar;0,8299893126252367
Lippendorf EnBW;118;75631,0;426,0;Konventionell;0,8345682469565321
Rostock Kohlekraftwerk;108;75516,0;434,0;Konventionell;0,8391402188326424
Reservekraftwerk Altbach/Deizisau Block 1;44;73437,25;410,0;Konventionell;0,8435863367633973
Kiel (Küstenkraftwerk gesamt);84;73070,75;172,0;Konventionell;0,848010265652193
50H Hamburg Wedel1;116;72903,0;167,0;Konventionell;0,8524240384378818
SHN Cluster Handewitt T414 T415;67;71698,02;327,46;Erneuerbar;0,856764858012711
SW München KW-Pool;188;70223,0;422,0;Sonstiges;0,8610163753210442
ReserveKW Staudinger 4;36;67497,5;580,0;Konventionell;0,8651028824414924
AVA Cluster Sottrum T411 T413;39;63977,36;406,74;Erneuerbar;0,8689762694141576
SHN Cluster Husum Nord;75;63434,36;400,0;Erneuerbar;0,8728167814897317
SHN Cluster Süderdonn T412 T413;89;57800,49;300,0;Erneuerbar;0,8763162016749296
Reservekraftwerk Rheinhafen-Dampfkraftwerk Karlsruhe Block 4;29;57739,75;342,0;Konventionell;0,879811944472928
50H OWP Arcadis Ost 1;164;54462,0;247,0;Erneuerbar;0,8831092421623808
AVA Cluster Lehrte;53;52651,64;400,0;Erneuerbar;0,8862969350660184
BAG NWAK-Cluster 03 Bergrheinfeld-Schweinfurt;30;52062,5;600,0;Erneuerbar;0,8894489596144585
GUD_HERNE_6;76;51489,0;590,0;Konventionell;0,8925662627016061
Linden GKL GT 1;144;49173,88;105,0;Konventionell;0,8955434012735543
SHN Cluster Kiel Süd;45;48307,15;600,0;Erneuerbar;0,8984680653343499
AVA Cluster Ohlensehlen;27;47582,92;450,0;Erneuerbar;0,9013488822741138
SHN Cluster Heide West T413;79;47525,22;271,0;Erneuerbar;0,9042262058776676
ReserveKW Zolling 5;35;46491,75;400,0;Konventionell;0,9070409600154814
EE Niedersachsen;92;45902,5;130,0;Erneuerbar;0,9098200391383581
SHN Cluster Klixbüll;56;45658,79;400,0;Erneuerbar;0,9125843633051205
BAG NWAK-Cluster 16 Regensburg-Sittling;43;45387,5;400,0;Erneuerbar;0,915332262737386
50H UW Schönewalde;181;44929,0;280,0;Erneuerbar;0,9180524031635442
AVA Cluster Alfstedt;19;41078,51;750,0;Erneuerbar;0,9205394230326119
Linden GKL GT 3;116;38547,25;75,0;Konventionell;0,9228731926033173
50H Berlin Lichterfelde;85;37781,0;163,0;Konventionell;0,9251605710324096
Grosskraftwerk Mannheim Block 7;33;36474,0;375,0;Konventionell;0,9273688196447467
EE Bayern;46;36306,25;1000,0;Erneuerbar;0,929566912153977
Gebersdorf 2;32;34642,25;420,0;Konventionell;0,9316642609638343
AVA Cluster Helmstedt;67;34092,89;500,0;Erneuerbar;0,9337283498225573
Linden GKL DT;127;31701,28;90,0;Konventionell;0,9356476432252362
AVA Cluster Stadorf;39;30273,72;400,0;Erneuerbar;0,9374805077364026
50H UW Putlitz;162;28096,0;159,0;Erneuerbar;0,9391815263527382
BAG NWAK-Cluster 12 Pirach-Simbach;27;27942,5;350,0;Erneuerbar;0,9408732516049789
Gebersdorf 1;33;27700,75;383,0;Konventionell;0,942550340565559
Zolling 5;32;26652,5;450,0;Konventionell;0,9441639652335504
BAG NWAK-Cluster 02 Oberhaid-Redwitz;17;25525,0;500,0;Erneuerbar;0,9457093275691841
Netzreservekraftwerk HERNE_4;22;25514,0;340,0;Konventionell;0,9472540239308436
Frankfurt West 4;48;25064,0;87,0;Konventionell;0,9487714759026487
Netzreservekraftwerk GTKW-DA-POOL;81;24898,0;92,0;Konventionell;0,9502788777217519
BAG NWAK-Cluster 14 Schwandorf;22;23100,0;400,0;Erneuerbar;0,9516774230676143
Grosskraftwerk Mannheim Block 6;37;23038,25;205,0;Konventionell;0,9530722298777579
Hannover (GKH) 1;78;21408,75;130,0;Konventionell;0,954368381725084
AVA Cluster Elsen;20;21178,96;351,64;Erneuerbar;0,9556506213760887
AVA Cluster Twistetal;32;20970,46;304,55;Erneuerbar;0,9569202377931275
Hannover (GKH) 2;98;20843,0;133,0;Konventionell;0,9581821373880977
GERSTEINW_G (KapRes);15;19918,0;350,0;Konventionell;0,9593880346261447
50H Rostock Marienehe;85;18712,0;56,0;Konventionell;0,9605209168993819
GERSTEINW_F (KapRes);14;18321,0;296,0;Konventionell;0,96163012682499
OWP Nordergründe;65;17843,27;99,0;Erneuerbar;0,9627104135008977
WEISWEILERVGT_H3;21;17532,0;200,0;Konventionell;0,9637718549296276
WEISWEILER_VGTG3;26;17098,0;200,0;Konventionell;0,96480702065792
50H_MNS_CR_LAU_Nord;20;15852,0;500,0;Erneuerbar;0,9657667496978599
BAG NWAK-Cluster 05 Kriegenbrunn-Ludersheim;12;15352,5;300,0;Erneuerbar;0,9666962374650614
AVA Cluster SC Dipperz Großkrotzenburg;15;15101,36;140,22;Erneuerbar;0,9676105204410005
AVA Cluster Wechold;12;15078,73;333,4;Erneuerbar;0,9685234333268454
SHN Cluster Krümmel;39;14860,15;101,18;Erneuerbar;0,9694231127043916
SHN Cluster Kummerfeld;27;11968,960000000001;220,0;Erneuerbar;0,9701477505097084
BAG NWAK-Cluster 13 Etzenricht;10;11925,0;250,0;Erneuerbar;0,9708697268408516
Frankfurt West 3;19;11641,0;60,0;Konventionell;0,9715745089348423
50H_AVA_CR_WOL;15;11560,0;627,0;Erneuerbar;0,9722743870386592
50H Hamburg Tiefstack 2 HKW SK;48;11555,0;106,0;Konventionell;0,9729739624270333
ReserveKW Ingolstadt 4;15;10446,25;320,0;Konventionell;0,9736064106659603
SHN Cluster Handewitt T412 T413;18;10174,72;400,0;Erneuerbar;0,9742224196400493
Reservekraftwerk Heilbronn Block 5;11;9688,5;120,0;Konventionell;0,9748089913536159
WP Jardelund;37;9687,02;78,0;Erneuerbar;0,9753954734634114
Frankfurt West 2;14;9383,5;58,0;Konventionell;0,9759635795349655
BAG NWAK-Cluster 04 Aschaffenburg;30;9354,0;200,0;Erneuerbar;0,9765298995854069
50H_AVA_CR_STW;16;9213,0;500,0;Erneuerbar;0,9770876830603606
AVA Cluster Emden Borssum;10;8855,69;400,0;Erneuerbar;0,977623833884339
50H Hamburg Tiefstack GuD;22;8681,0;113,0;Konventionell;0,9781494084361759
SHN Cluster Hamburg Nord;18;8466,22;107,66;Erneuerbar;0,9786619795434508
50H UW Wustermark;63;8422,0;121,0;Erneuerbar;0,9791718734353492
50H UW Wessin;76;8296,0;113,0;Erneuerbar;0,9796741388980884
WP Schafflund;38;8131,3099999999995;99,0;Erneuerbar;0,9801664335195717
SHN Cluster Lübeck;23;7996,14;154,03;Erneuerbar;0,9806505445317737
Braunschweig HKWM GT31;36;7875,1;62,0;Konventionell;0,9811273274085356
50H Dresden-Nossen;38;7858,0;102,0;Konventionell;0,9816030749984831
SHN Cluster Handewitt T411;12;7729,34;236,81;Erneuerbar;0,9820710331146558
Markersbach (Standort);15;7695,0;600,0;Sonstiges;0,9825369121811671
Reservekraftwerk Walheim Block 2;7;7685,0;130,0;Konventionell;0,9830021858167928
Heizkraftwerk_Pforzheim;107;7539,45;50,0;Konventionell;0,9834586474058777
Goldisthal (Standort);17;7490,0;640,0;Sonstiges;0,9839121151392332
München Nord 2;26;7318,0;158,0;Konventionell;0,9843551694613553
ReserveKW Ingolstadt 3;9;6912,5;355,0;Konventionell;0,9847736735610642
50H Erfurt-Ost HKW GuD;51;6756,0;53,0;Konventionell;0,9851827026674125
50H InfraLeuna IKW;53;6635,0;89,0;Konventionell;0,9855844060600444
50H Berlin Reuter West;33;6569,0;115,0;Konventionell;0,985982113608831
Robert Frank 4 GT (KapRes);31;6560,25;53,0;Konventionell;0,9863792914055927
SHN Cluster Schuby West;15;6345,75;296,0;Erneuerbar;0,986763482709857
50H OWP Baltic 1+2;20;6226,0;312,0;Erneuerbar;0,9871404239792656
Reservekraftwerk Marbach GT 3;23;6195,75;85,0;Konventionell;0,9875155338202452
AVA Cluster Dollern;6;6156,23;276,31;Erneuerbar;0,9878882509983646
50H_MNS_CR_KLM;10;6034,0;350,0;Erneuerbar;0,9882535679947687
WP Wilstermarsch;39;5555,11;81,0;Erneuerbar;0,9885898915114897
Reservekraftwerk Heilbronn Block 6;6;5282,5;120,0;Konventionell;0,9889097103768367
SHN Cluster Audorf Süd;11;4884,93;120,0;Erneuerbar;0,9892054591264628
50H UW Altentreptow;78;4822,0;62,0;Erneuerbar;0,9894973978995256
AVA Cluster Lüneburg T413;10;4758,900000000001;130,85;Erneuerbar;0,9897855164036998
50H Neubrandenburg GuD;33;4710,0;56,0;Konventionell;0,9900706743508433
BAG NWAK-Cluster 01 Mechlenreuth;7;4612,5;300,0;Erneuerbar;0,9903499293468515
AMP_WESTNETZ_NIKE_CR_WIND;6;4433,0;250,0;Erneuerbar;0,9906183168584622
50H_EDIS_CR_NHG_Nord;6;4302,0;350,0;Erneuerbar;0,9908787732254709
KMW_KW5;34;4208,0;79,0;Konventionell;0,9911335385421545
Kraftwerk Walheim GT D;20;4176,5;125,0;Konventionell;0,9913863967515482
Leitzach Pool;59;4017,5;86,0;Sonstiges;0,9916296286098599
AVA Cluster Lüneburg T412;8;3989,26;115,75;Erneuerbar;0,9918711507313507
Notfall-RD mit SHN;6;3937,5;800,0;Erneuerbar;0,9921095391425772
SHN Cluster Wilster West;8;3901,27;205,0;Erneuerbar;0,992345734077705
50H Halle-Trotha HKW;28;3868,0;25,0;Konventionell;0,9925799147442762
HKW BARMEN 1;29;3841,0;28,0;Konventionell;0,9928124607474562
Eltmann;48;3656,5;50,0;Konventionell;0,9930338365507959
Itzehoe;18;3417,25;88,0;Konventionell;0,9932407274201963
50H_AVA_CR_FOE;8;3405,0;300,0;Erneuerbar;0,9934468766367617
Braunschweig GT;29;3107,86;49,29;Konventionell;0,9936350360799907
50H Halle-Dieselstr HKW-BlockA;37;2962,0;70,0;Konventionell;0,9938143647083217
50H_EDIS_CR_GUE_Nord;9;2896,0;250,0;Erneuerbar;0,9939896974928073
AVA Cluster Sottrum T412;12;2804,12;55,87;Erneuerbar;0,9941594675783155
50H_MNS_CR_MA_Nord;6;2701,0;279,0;Erneuerbar;0,9943229944605309
BAG NWAK-Cluster 06 Raitersaich;2;2650,0;300,0;Erneuerbar;0,9944834336452293
50H_EDIS_CR_EH;6;2552,0;100,0;Erneuerbar;0,9946379396072484
Notfall-RD mit AVA;6;2513,0;84,0;Erneuerbar;0,9947900843888134
50H_MNS_CR_JSN;4;2481,0;345,0;Erneuerbar;0,9949402917915444
50H UW Iven;67;2472,0;37,0;Erneuerbar;0,9950899543064783
50H_EDIS_CR_SOW_Sued;6;2415,0;300,0;Erneuerbar;0,9952361658653639
WP Emsland;27;2400,49;67,0;Erneuerbar;0,9953814989440344
50H Hamburg MMB BHKW PtH;38;2297,0;18,0;Konventionell;0,9955205664184693
Waldeck 5;8;2287,25;240,0;Sonstiges;0,9956590435977907
BAG NWAK-Cluster 09 Marienberg;4;2250,0;150,0;Erneuerbar;0,995795265547063
50H_MNS_CR_MA_Sued;6;2184,0;250,0;Erneuerbar;0,9959274916524901
Heizkraftwerk Altbach/Deizisau GT C;12;2084,0;90,0;Konventionell;0,9960536634490604
50H_WEMA_CR_PMS;7;1983,0;150,0;Erneuerbar;0,9961737203936858
50H_TEN_CR_M2_VIB;3;1932,0;302,0;Erneuerbar;0,9962906896407943
GERSTEINW_K1 (KapRes);5;1914,0;48,0;Konventionell;0,9964065691123086
Braunschweig HKWN GT;19;1902,55;23,6;Konventionell;0,996521755365459
CROC Cluster Parchim Süd;7;1765,0;230,0;Sonstiges;0,9966286139167769
50H Dresden-Reick;20;1629,0;70,0;Konventionell;0,9967272386080501
Netzreservekraftwerk Darmstadt/GTKW GT12;4;1548,0;44,0;Konventionell;0,9968209593091495
Heizkraftwerk Altbach/Deizisau GT E;14;1508,75;67,0;Konventionell;0,9969123036940226
Pumpspeicherwerk Wehr RZ TNG;3;1469,75;490,0;Sonstiges;0,9970012868984418
50H_MNS_CR_RAG;2;1445,0;400,0;Erneuerbar;0,9970887716614188
Gebersdorf GT;8;1414,5;58,0;Konventionell;0,9971744098601947
GERSTEINW_DTG2 (KapRes);2;1388,0;180,0;Konventionell;0,9972584436671236
50H Halle-Dieselstr HKW-BlockB;19;1363,0;32,0;Konventionell;0,9973409638968384
SHN Cluster Itzehoe West;4;1362,5;250,0;Erneuerbar;0,9974234538550089
Silz 2 (Uniper);17;1305,05;100,0;Erneuerbar;0,9975024656127413
BAG NWAK-Cluster 08 Neufinsing;2;1300,0;200,0;Erneuerbar;0,9975811716278763
50H_MNS_CR_LAU_Sued;7;1276,0;144,0;Erneuerbar;0,9976584246088859
50H_WEMA_CR_GOE;5;1237,0;150,0;Erneuerbar;0,9977333164094414
50H Leipzig Nord GuD;22;1207,0;57,0;Konventionell;0,9978063919173399
Heizkraftwerk Altbach/Deizisau GT B;8;1106,0;60,0;Konventionell;0,9978733525732933
Würzburg GT 2;4;1023,25;30,0;Konventionell;0,997935303288668
SHN Cluster Jardelund;6;1022,63;180,0;Erneuerbar;0,9979972164673278
AMP_WESTNETZ_EMSLAND_CR_WIND;4;1022,0;250,0;Erneuerbar;0,9980590915038416
Waldeck 6;5;1005,5;240,0;Sonstiges;0,9981199675793943
Reisach;6;949,5;99,0;Sonstiges;0,9981774532419871
AMP_WESTNETZ_NAHE_CR_WIND;8;949,0;231,0;Erneuerbar;0,9982349086330358
Heizkraftwerk Gaisburg Block 3;8;937,5;30,0;Konventionell;0,9982916677785659
CHEMIEPARK_MARL_KRAFTWERKE;17;909,0;55,0;Konventionell;0,998346701446072
UPM Schongau HKW3;8;829,0;65,0;Konventionell;0,9983968916664927
HUCKINGEN_A;5;772,0;100,0;Konventionell;0,9984436309308652
Braunschweig DT;12;759,38;24,0;Konventionell;0,9984896061414601
50H_MNS_CR_PUL;3;749,0;200,0;Erneuerbar;0,9985349529147957
50H Leipzig Süd GuD;20;726,0;30,0;Konventionell;0,9985789071970942
GERSTEINW_GTF1 (KapRes);1;712,0;150,0;Konventionell;0,9986220138761528
Würzburg GT 1;10;670,5;70,0;Konventionell;0,998662608017036
Netzreservekraftwerk Darmstadt/GTKW GT11;4;670,0;44,0;Konventionell;0,9987031718863748
Bremen GKB;1;642,5;200,0;Konventionell;0,9987420708207781
50H Halle-Dieselstr HKW-BlockC;15;625,0;47,0;Konventionell;0,9987799102511316
AMP_WESTNETZ_MUENSTERLAND_CR_WIND;3;624,0;191,0;Erneuerbar;0,9988176891383964
Kühtai 2 (Uniper);5;622,5;120,0;Sonstiges;0,9988553772110285
Erzhausen 4;9;609,25;57,0;Sonstiges;0,9988922630877369
Erzhausen 3;8;578,75;57,0;Sonstiges;0,9989273024002442
Emden 4 GT (KapRes);5;578,25;50,0;Konventionell;0,9989623114412072
Silz 1 (Uniper);4;570,0;200,0;Erneuerbar;0,9989968210016895
AMP_LEW_VERTEILNETZ_SUED_CR_PHOTOVOLTAIK;1;557,0;230,0;Erneuerbar;0,9990305435020205
50H EnviaTherm Bitterfeld GuD;4;526,0;50,0;Konventionell;0,999062389166606
50H_MNS_CR_ADB;1;525,0;200,0;Erneuerbar;0,9990941742881029
AMP_LEW_VERTEILNETZ_NORD_CR_PHOTOVOLTAIK;1;513,0;183,0;Erneuerbar;0,999125232892537
Burghausen;2;510,0;30,0;Konventionell;0,9991561098677053
AMP_WESTNETZ_PLAIDT_CR_WIND;4;507,0;200,0;Erneuerbar;0,999186805213608
BAG NWAK-Cluster 10 Oberbachern;1;500,0;200,0;Erneuerbar;0,9992170767578907
BASF-GESAMTEINSPEISG;4;500,0;100,0;Konventionell;0,9992473483021734
Kirchlengern GT 1;3;443,25;83,0;Konventionell;0,9992741840261801
Erzhausen 2;8;430,25;57,0;Sonstiges;0,9993002326900354
AMP_VSE_CR_WIND;5;414,0;222,0;Erneuerbar;0,9993252975287015
50H_EDIS_CR_SOW_Nord;1;412,0;150,0;Erneuerbar;0,9993502412811905
CROC Cluster Güstrow;1;412,0;150,0;Sonstiges;0,9993751850336795
AVA Cluster Vörden;4;411,8;86,15;Erneuerbar;0,9994001166775508
50H Stralsund BHKW+PtH;11;404,0;10,0;Konventionell;0,9994245760853312
HUCKINGEN_B;1;400,0;100,0;Konventionell;0,9994487933207574
EE Hessen;5;395,0;30,0;Erneuerbar;0,9994727078407408
50H_TEN_CR_S1_ATF;2;359,0;103,0;Erneuerbar;0,9994944428095358
50H_TEN_CR_M1_EI;2;334,0;59,0;Erneuerbar;0,9995146642011167
50H_TEN_CR_S2_WD;1;330,0;118,0;Erneuerbar;0,9995346434203433
Pumpspeicherwerk Säckingen RZ TNG;3;319,0;180,0;Sonstiges;0,9995539566655957
AMP_WESTNETZ_TRIER_CR_PHOTOVOLTAIK;2;316,0;100,0;Erneuerbar;0,9995730882815823
50H_EDIS_CR_HND;1;312,0;100,0;Erneuerbar;0,9995919777252148
AMP_WESTNETZ_SAUERLAND_CR_WIND;2;292,0;150,0;Erneuerbar;0,9996096563070759
50H_EDIS_CR_LHG;3;290,0;50,0;Erneuerbar;0,9996272138027599
AMP_WESTNETZ_EIFEL_CR_WIND;2;280,0;88,0;Erneuerbar;0,9996441658675582
Pumpspeicherwerk Glems;9;250,25;61,0;Sonstiges;0,9996593167754717
50H_WEMA_CR_PE;1;250,0;90,0;Erneuerbar;0,9996744525476131
50H OWP Baltic 1+2 Nord;1;250,0;80,0;Erneuerbar;0,9996895883197544
Zolling GT 1;5;244,0;23,0;Konventionell;0,9997043608333644
Heizkraftwerk Altbach/Deizisau GT A;2;240,0;50,0;Konventionell;0,9997188911746201
Erzhausen 1;6;220,25;55,0;Sonstiges;0,9997322257898767
Heizkraftwerk Stuttgart-Münster GT 16,17,18;2;210,0;40,0;Konventionell;0,9997449398384755
50H_EDIS_CR_PZS;2;201,0;109,0;Erneuerbar;0,999757108999277
AMP_WESTNETZ_NIEDERRHEIN_CR_WIND;3;201,0;59,0;Erneuerbar;0,9997692781600788
50H_EDIS_CR_BW;1;200,0;100,0;Erneuerbar;0,9997813867777918
50H_MNS_CR_ROE;1;198,0;70,0;Erneuerbar;0,9997933743093278
CROC Cluster Görries;1;187,0;70,0;Sonstiges;0,9998046958668896
AMP_VSE_CR_PHOTOVOLTAIK;2;185,0;93,0;Erneuerbar;0,9998158963382742
AMP_WESTNETZ_TRIER_CR_WIND;4;182,0;36,0;Erneuerbar;0,9998269151803931
AMP_WESTNETZ_SIERSDORF_CR_WIND;3;172,0;54,0;Erneuerbar;0,9998373285916263
50H_EDIS_CR_GUE_Sued;2;163,0;150,0;Erneuerbar;0,9998471971150625
Zolling GT 2;3;154,0;22,0;Konventionell;0,9998565207507016
AVA Cluster Gießen Nord T413 T414;3;151,67000000000002;17,18;Erneuerbar;0,9998657033209444
GERSTEINW_GTI1;1;148,0;40,0;Konventionell;0,999874663698052
KURATIV_VIANDEN_POOL;2;128,0;188,0;Sonstiges;0,9998824132133884
AMP_WESTNETZ_NIKE_CR_PHOTOVOLTAIK;1;127,0;42,0;Erneuerbar;0,9998901021856362
INFRA_HOE_GTX1;2;127,0;25,0;Konventionell;0,999897791157884
HKW_ROEMER_KW;1;117,0;39,0;Konventionell;0,9999048746992462
50H_EDIS_CR_VIE_Sued;1;110,0;90,0;Erneuerbar;0,9999115344389884
SHN Cluster Brunsbüttel;2;110,0;50,0;Erneuerbar;0,9999181941787306
Obernburg;6;105,0;8,0;Konventionell;0,9999245512030299
HEIZKRAFTWERK_SAARBRÜCKEN;1;92,0;23,0;Konventionell;0,999930121167178
AMP_WESTNETZ_HUERTH_CR_WIND;3;84,0;21,0;Erneuerbar;0,9999352067866175
AMP_WESTNETZ_NIKE_CR_SONSTIGE_EE;1;75,0;16,0;Sonstiges;0,9999397475182599
AVA Cluster Landesbergen;1;66,61;22,72;Erneuerbar;0,9999437802933893
AMP_LEW_VERTEILNETZ_SUED_CR_SONSTIGE_EE;1;64,0;43,0;Sonstiges;0,9999476550510574
Braunschweig HKWM DT42;2;63,769999999999996;9,0;Konventionell;0,9999515158838153
50H_EDIS_CR_GSE;2;63,0;38,0;Erneuerbar;0,9999553300983949
Reisach 2;1;47,25;27,0;Sonstiges;0,9999581907593296
Reisach 3;1;47,25;27,0;Sonstiges;0,9999610514202643
AMP_WESTNETZ_SIEGEN_CR_WIND;3;46,0;16,0;Erneuerbar;0,9999638364023383
GAMOR_ROEMER;1;40,0;10,0;Konventionell;0,9999662581258809
Niederrad 1;1;38,0;26,0;Konventionell;0,9999685587632464
AMP_LEW_VERTEILNETZ_NORD_CR_SONSTIGE_EE;1;36,0;12,0;Sonstiges;0,9999707383144347
Walchensee 4;2;33,5;17,0;Erneuerbar;0,9999727665079017
50H_EDIS_CR_PE;1;29,0;29,0;Erneuerbar;0,9999745222574701
AMP_WESTNETZ_TRIER_CR_SONSTIGE_EE;2;28,0;6,0;Sonstiges;0,9999762174639499
Walchensee 2;1;27,0;18,0;Erneuerbar;0,9999778521273411
Walchensee 3;1;27,0;18,0;Erneuerbar;0,9999794867907325
Walchensee 1;1;27,0;18,0;Erneuerbar;0,9999811214541238
SWDU_HKW_3B;1;22,0;37,0;Konventionell;0,9999824534020721
LAUSWARD_AGUD;2;22,0;7,0;Konventionell;0,9999837853500206
AMP_SYNA_PFUNG_CR_WIND;1;20,0;20,0;Erneuerbar;0,9999849962117919
EGM_DTS;1;20,0;12,0;Sonstiges;0,9999862070735632
BATTERIESPEICHER_NEURATH;1;20,0;20,0;Sonstiges;0,9999874179353345
OWP Borkum Riffgrund 3 Test;1;18,75;50,0;Erneuerbar;0,9999885531182451
AMP_WESTNETZ_KREFELDNEUSS_CR_WIND;3;17,0;5,0;Erneuerbar;0,9999895823507507
AMP_WESTNETZ_NIKE_CR_KONVENTIONELL;2;16,0;2,0;Sonstiges;0,9999905510401678
WP Neudersum;1;15,97;29,08;Erneuerbar;0,9999915179132922
Braunschweig BHKW;1;15,0;10,0;Konventionell;0,9999924260596207
AMP_WESTNETZ_BORNHEIM_CR_WIND;3;12,0;3,0;Erneuerbar;0,9999931525766835
50H OWP Baltic 1+2 Süd MIO;1;10,0;10,0;Erneuerbar;0,9999937580075692
AMP_VSE_CR_SONSTIGE_EE;3;9,0;1,0;Sonstiges;0,9999943028953663
AMP_WESTNETZ_NAHE_CR_PHOTOVOLTAIK;1;8,0;7,0;Erneuerbar;0,9999947872400747
OWP Veja Mate AC104 (kurativ);1;6,53;21,04;Erneuerbar;0,999995182586443
OWP Veja Mate AC105 (kurativ);1;6,49;20,87;Erneuerbar;0,9999955755110879
AMP_LEW_VERTEILNETZ_SUED_CR_KONVENTIONELL;1;6,0;2,0;Sonstiges;0,9999959387696192
TTG Cluster EE Bechterdissen T411;3;5,4399999999999995;5,5;Erneuerbar;0,999996268124021
50H BASF Schwarzheide;1;5,0;5,0;Konventionell;0,9999965708394638
50H Bad Salzungen HKW;1;5,0;5,0;Konventionell;0,9999968735549066
50H Bernburg;1;5,0;5,0;Konventionell;0,9999971762703495
50H Chemnitz;1;5,0;5,0;Konventionell;0,9999974789857923
50H Parchim;2;5,0;4,0;Konventionell;0,9999977817012351
AMP_LEW_VERTEILNETZ_NORD_CR_WIND;1;4,0;2,0;Erneuerbar;0,9999980238735894
WP_GREVENBROICH;1;4,0;9,0;Erneuerbar;0,9999982660459437
OWP BARD Offshore 1 AC103 (kurativ);1;3,9;12,32;Erneuerbar;0,9999985021639891
OWP BARD Offshore 1 AC102 (kurativ);1;3,43;10,52;Erneuerbar;0,9999987098267829
OWP Deutsche Bucht AC153 (kurativ);1;3,36;10,68;Erneuerbar;0,9999989132515604
OWP Deutsche Bucht AC152 (kurativ);1;3,18;10,14;Erneuerbar;0,999999105778582
AMP_WESTNETZ_DORTMUND_CR_WIND;1;3,0;1,0;Erneuerbar;0,9999992874078477
OWP Albatros AC151 (kurativ);1;2,11;6,79;Erneuerbar;0,9999994151537646
AMP_WESTNETZ_MUELHEIM_CR_WIND;1;2,0;1,0;Erneuerbar;0,9999995362399416
Baden-Württemberg Nord EE;1;1,19;4,76;Erneuerbar;0,999999608286217
AMP_WESTNETZ_EMSLAND_CR_SONSTIGE_EE;1;1,0;3,0;Sonstiges;0,9999996688293056
WP_JUECHEN A44N;1;1,0;3,0;Erneuerbar;0,9999997293723942
Baden-Württemberg Nord-Ost EE;1;0,97;3,88;Erneuerbar;0,9999997880991901
Baden-Württemberg Süd-Ost EE;1;0,94;3,77;Erneuerbar;0,9999998450096933
Baden-Württemberg Mitte EE;3;0,77;1,04;Erneuerbar;0,9999998916278715
Stuttgart Umland Nord EE;1;0,33;1,31;Erneuerbar;0,9999999116070908
Baden-Württemberg West EE;1;0,33;1,32;Erneuerbar;0,99999993158631
Baden-Württemberg Nord-West EE;1;0,3;1,2;Erneuerbar;0,9999999497492366
Baden-Württemberg Süd EE;1;0,29;1,15;Erneuerbar;0,9999999673067322
Stuttgart Umland Ost EE;1;0,28;1,11;Erneuerbar;0,999999984258797
Stuttgart Umland Süd EE;1;0,26;1,02;Erneuerbar;1,0
